{"cameraMode":{"drawMode":0,"name":"Shaded","section":"Shading Mode"},"sceneLighting":true,"audioPlay":false,"sceneViewState":{"m_AlwaysRefresh":false,"showFog":true,"showSkybox":true,"showFlares":true,"showImageEffects":true,"showParticleSystems":true,"showVisualEffectGraphs":true,"m_FxEnabled":false},"in2DMode":false,"pivot":{"x":31.235258102416993,"y":-7.187771797180176,"z":1.614635705947876},"rotation":{"x":0.01798686385154724,"y":0.037760473787784579,"z":0.0006818802212364972,"w":-0.9991338849067688},"size":32.042755126953128,"orthographic":false}